{
	"credit": "Made with Blockbench",
	"textures": {
		"0": "story/amulet",
		"particle": "story/amulet"
	},
	"elements": [
		{
			"from": [8, 1, 7],
			"to": [11, 2, 8],
			"faces": {
				"north": {"uv": [6, 13.5, 9, 14.5], "texture": "#0"},
				"east": {"uv": [6, 13.5, 7, 14.5], "texture": "#0"},
				"south": {"uv": [6, 13.5, 9, 14.5], "texture": "#0"},
				"west": {"uv": [7, 14.5, 8, 15.5], "texture": "#0"},
				"up": {"uv": [6, 13.5, 9, 14], "texture": "#0"},
				"down": {"uv": [6, 14, 9, 14.5], "texture": "#0"}
			}
		},
		{
			"from": [9, 0, 7],
			"to": [10, 1, 8],
			"faces": {
				"north": {"uv": [7, 14.5, 8, 15.5], "texture": "#0"},
				"east": {"uv": [7, 14.5, 8, 15.5], "texture": "#0"},
				"south": {"uv": [7, 14.5, 8, 15.5], "texture": "#0"},
				"west": {"uv": [7, 14.5, 8, 15.5], "texture": "#0"},
				"up": {"uv": [7, 14.5, 8, 15.5], "texture": "#0"},
				"down": {"uv": [7, 4.5, 8, 5], "texture": "#0"}
			}
		},
		{
			"from": [7, 1, 7],
			"to": [8, 2, 8],
			"faces": {
				"north": {"uv": [9, 13.5, 10, 14.5], "texture": "#0"},
				"east": {"uv": [0, 0, 1, 1], "texture": "#missing"},
				"south": {"uv": [5, 13.5, 6, 14.5], "texture": "#0"},
				"west": {"uv": [9, 5.5, 10, 6], "texture": "#0"},
				"up": {"uv": [0, 0, 1, 1], "texture": "#missing"},
				"down": {"uv": [9, 5.5, 10, 6], "texture": "#0"}
			}
		},
		{
			"from": [6, 2, 7],
			"to": [8, 4, 8],
			"faces": {
				"north": {"uv": [9, 11.5, 11, 13.5], "texture": "#0"},
				"east": {"uv": [9, 11.5, 10, 13.5], "texture": "#0"},
				"south": {"uv": [4, 11.5, 6, 13.5], "texture": "#0"},
				"west": {"uv": [10.5, 11.5, 11, 13.5], "texture": "#0"},
				"up": {"uv": [4, 11.5, 6, 12], "texture": "#0"},
				"down": {"uv": [9, 12.5, 11, 13.5], "texture": "#0"}
			}
		},
		{
			"from": [5, 3, 7],
			"to": [6, 4, 8],
			"faces": {
				"north": {"uv": [11, 11.5, 12, 12.5], "texture": "#0"},
				"east": {"uv": [0, 0, 1, 1], "texture": "#missing"},
				"south": {"uv": [3, 11.5, 4, 12.5], "texture": "#0"},
				"west": {"uv": [10, 6.5, 11, 7], "texture": "#0"},
				"up": {"uv": [0, 0, 1, 1], "texture": "#missing"},
				"down": {"uv": [9, 5.5, 10, 6], "texture": "#0"}
			}
		},
		{
			"from": [11, 1, 7],
			"to": [12, 2, 8],
			"faces": {
				"north": {"uv": [5, 13.5, 6, 14.5], "texture": "#0"},
				"east": {"uv": [10, 13, 11, 13.5], "texture": "#0"},
				"south": {"uv": [9, 13.5, 10, 14.5], "texture": "#0"},
				"west": {"uv": [0, 0, 1, 1], "texture": "#missing"},
				"up": {"uv": [0, 0, 1, 1], "texture": "#missing"},
				"down": {"uv": [9, 14, 10, 14.5], "texture": "#0"}
			}
		},
		{
			"from": [11, 2, 7],
			"to": [13, 4, 8],
			"faces": {
				"north": {"uv": [4, 11.5, 6, 13.5], "texture": "#0"},
				"east": {"uv": [10, 13, 11, 13.5], "texture": "#0"},
				"south": {"uv": [9, 11.5, 11, 13.5], "texture": "#0"},
				"west": {"uv": [9, 11.5, 9.5, 13.5], "texture": "#0"},
				"up": {"uv": [9, 11.5, 11, 12], "texture": "#0"},
				"down": {"uv": [10, 13, 11, 13.5], "texture": "#0"}
			}
		},
		{
			"from": [5, 7, 7],
			"to": [6, 8, 8],
			"faces": {
				"north": {"uv": [11, 7.5, 12, 8.5], "texture": "#0"},
				"east": {"uv": [0, 0, 1, 1], "texture": "#missing"},
				"south": {"uv": [3, 7.5, 4, 8.5], "texture": "#0"},
				"west": {"uv": [3, 7.5, 3.5, 8.5], "texture": "#0"},
				"up": {"uv": [4, 6.5, 5, 7], "texture": "#0"},
				"down": {"uv": [0, 0, 1, 1], "texture": "#missing"}
			}
		},
		{
			"from": [9, 2, 7],
			"to": [10, 4, 8],
			"faces": {
				"north": {"uv": [7, 11.5, 8, 13.5], "texture": "#0"},
				"east": {"uv": [7, 11.5, 8, 13.5], "texture": "#0"},
				"south": {"uv": [7, 11.5, 8, 13.5], "texture": "#0"},
				"west": {"uv": [7, 11.5, 8, 13.5], "texture": "#0"},
				"up": {"uv": [7, 11.5, 8, 12.5], "texture": "#0"},
				"down": {"uv": [0, 0, 1, 1], "texture": "#missing"}
			}
		},
		{
			"from": [5, 4, 7],
			"to": [6, 7, 8],
			"faces": {
				"north": {"uv": [11, 8.5, 12, 11.5], "texture": "#0"},
				"east": {"uv": [3.5, 8.5, 4, 11.5], "texture": "#0"},
				"south": {"uv": [3, 8.5, 4, 11.5], "texture": "#0"},
				"west": {"uv": [6, 13.5, 9, 14.5], "texture": "#0"},
				"up": {"uv": [0, 0, 1, 1], "texture": "#missing"},
				"down": {"uv": [0, 0, 1, 1], "texture": "#missing"}
			}
		},
		{
			"from": [13, 4, 7],
			"to": [14, 7, 8],
			"faces": {
				"north": {"uv": [3, 8.5, 4, 11.5], "texture": "#0"},
				"east": {"uv": [3, 8.5, 3.5, 11.5], "texture": "#0"},
				"south": {"uv": [11, 8.5, 12, 11.5], "texture": "#0"},
				"west": {"uv": [11, 8.5, 11.5, 11.5], "texture": "#0"},
				"up": {"uv": [0, 0, 1, 1], "texture": "#missing"},
				"down": {"uv": [0, 0, 1, 1], "texture": "#missing"}
			}
		},
		{
			"from": [4, 5, 7],
			"to": [5, 6, 8],
			"faces": {
				"north": {"uv": [12, 9.5, 13, 10.5], "texture": "#0"},
				"east": {"uv": [0, 0, 1, 1], "texture": "#missing"},
				"south": {"uv": [2, 9.5, 3, 10.5], "texture": "#0"},
				"west": {"uv": [2, 9.5, 2.5, 10.5], "texture": "#0"},
				"up": {"uv": [2, 9.5, 3, 10.5], "texture": "#0"},
				"down": {"uv": [2, 9.5, 3, 10.5], "texture": "#0"}
			}
		},
		{
			"from": [14, 5, 7],
			"to": [15, 6, 8],
			"faces": {
				"north": {"uv": [2, 9.5, 3, 10.5], "texture": "#0"},
				"east": {"uv": [2, 9.5, 2.5, 10.5], "texture": "#0"},
				"south": {"uv": [12, 9.5, 13, 10.5], "texture": "#0"},
				"west": {"uv": [0, 0, 1, 1], "texture": "#missing"},
				"up": {"uv": [12, 9.5, 13, 10.5], "texture": "#0"},
				"down": {"uv": [0, 0, 1, 1], "texture": "#missing"}
			}
		},
		{
			"from": [13, 3, 7],
			"to": [14, 4, 8],
			"faces": {
				"north": {"uv": [3, 11.5, 4, 12.5], "texture": "#0"},
				"east": {"uv": [10, 6.5, 11, 7], "texture": "#0"},
				"south": {"uv": [11, 11.5, 12, 12.5], "texture": "#0"},
				"west": {"uv": [0, 0, 1, 1], "texture": "#missing"},
				"up": {"uv": [0, 0, 1, 1], "texture": "#missing"},
				"down": {"uv": [4, 6.5, 5, 7], "texture": "#0"}
			}
		},
		{
			"from": [11, 7, 7],
			"to": [13, 9, 8],
			"faces": {
				"north": {"uv": [4, 6.5, 6, 8.5], "texture": "#0"},
				"east": {"uv": [4, 6.5, 4.5, 7.5], "texture": "#0"},
				"south": {"uv": [9, 6.5, 11, 8.5], "texture": "#0"},
				"west": {"uv": [9, 6.5, 9.5, 8.5], "texture": "#0"},
				"up": {"uv": [4, 6.5, 5, 7], "texture": "#0"},
				"down": {"uv": [9, 8, 11, 8.5], "texture": "#0"}
			}
		},
		{
			"from": [11, 9, 7],
			"to": [12, 10, 8],
			"faces": {
				"north": {"uv": [5, 5.5, 6, 6.5], "texture": "#0"},
				"east": {"uv": [5, 5.5, 5.5, 6.5], "texture": "#0"},
				"south": {"uv": [9, 5.5, 10, 6.5], "texture": "#0"},
				"west": {"uv": [0, 0, 1, 1], "texture": "#missing"},
				"up": {"uv": [5, 5.5, 6, 6], "texture": "#0"},
				"down": {"uv": [0, 0, 1, 1], "texture": "#missing"}
			}
		},
		{
			"from": [8, 9, 7],
			"to": [11, 10, 8],
			"faces": {
				"north": {"uv": [6, 5.5, 9, 6.5], "texture": "#0"},
				"east": {"uv": [0, 0, 1, 1], "texture": "#missing"},
				"south": {"uv": [6, 5.5, 9, 6.5], "texture": "#0"},
				"west": {"uv": [0, 0, 1, 1], "texture": "#missing"},
				"up": {"uv": [6, 5.5, 9, 6], "texture": "#0"},
				"down": {"uv": [6, 6, 9, 6.5], "texture": "#0"}
			}
		},
		{
			"from": [7, 9, 7],
			"to": [8, 10, 8],
			"faces": {
				"north": {"uv": [9, 5.5, 10, 6.5], "texture": "#0"},
				"east": {"uv": [0, 0, 1, 1], "texture": "#missing"},
				"south": {"uv": [5, 5.5, 6, 6.5], "texture": "#0"},
				"west": {"uv": [4, 6.5, 5, 7], "texture": "#0"},
				"up": {"uv": [5, 5.5, 6, 6], "texture": "#0"},
				"down": {"uv": [0, 0, 1, 1], "texture": "#missing"}
			}
		},
		{
			"from": [6, 7, 7],
			"to": [8, 9, 8],
			"faces": {
				"north": {"uv": [9, 6.5, 11, 8.5], "texture": "#0"},
				"east": {"uv": [5.5, 6.5, 6, 8.5], "texture": "#0"},
				"south": {"uv": [4, 6.5, 6, 8.5], "texture": "#0"},
				"west": {"uv": [4, 6.5, 5, 7], "texture": "#0"},
				"up": {"uv": [4, 6.5, 5, 7], "texture": "#0"},
				"down": {"uv": [4, 8, 6, 8.5], "texture": "#0"}
			}
		},
		{
			"from": [6, 5, 7],
			"to": [8, 6, 8],
			"faces": {
				"north": {"uv": [9, 9.5, 11, 10.5], "texture": "#0"},
				"east": {"uv": [0, 0, 1, 1], "texture": "#missing"},
				"south": {"uv": [9, 9.5, 11, 10.5], "texture": "#0"},
				"west": {"uv": [0, 0, 1, 1], "texture": "#missing"},
				"up": {"uv": [9, 9.5, 11, 10.5], "texture": "#0"},
				"down": {"uv": [9, 9.5, 11, 10.5], "texture": "#0"}
			}
		},
		{
			"from": [9, 10, 7],
			"to": [10, 11, 8],
			"faces": {
				"north": {"uv": [7, 4.5, 8, 5.5], "texture": "#0"},
				"east": {"uv": [7, 4.5, 8, 5.5], "texture": "#0"},
				"south": {"uv": [7, 4.5, 8, 5.5], "texture": "#0"},
				"west": {"uv": [7, 4.5, 8, 5.5], "texture": "#0"},
				"up": {"uv": [7, 4.5, 8, 5], "texture": "#0"},
				"down": {"uv": [0, 0, 1, 1], "texture": "#missing"}
			}
		},
		{
			"from": [13, 7, 7],
			"to": [14, 8, 8],
			"faces": {
				"north": {"uv": [3, 7.5, 4, 8.5], "texture": "#0"},
				"east": {"uv": [3, 7.5, 3.5, 8.5], "texture": "#0"},
				"south": {"uv": [11, 7.5, 12, 8.5], "texture": "#0"},
				"west": {"uv": [0, 0, 1, 1], "texture": "#missing"},
				"up": {"uv": [3, 7.5, 4, 8], "texture": "#0"},
				"down": {"uv": [0, 0, 1, 1], "texture": "#missing"}
			}
		},
		{
			"from": [11, 5, 7],
			"to": [13, 6, 8],
			"faces": {
				"north": {"uv": [4, 9.5, 6, 10.5], "texture": "#0"},
				"east": {"uv": [0, 0, 1, 1], "texture": "#missing"},
				"south": {"uv": [4, 9.5, 6, 10.5], "texture": "#0"},
				"west": {"uv": [0, 0, 1, 1], "texture": "#missing"},
				"up": {"uv": [4, 9.5, 6, 10.5], "texture": "#0"},
				"down": {"uv": [4, 9.5, 6, 10.5], "texture": "#0"}
			}
		},
		{
			"from": [9, 7, 7],
			"to": [10, 9, 8],
			"faces": {
				"north": {"uv": [7, 6.5, 8, 8.5], "texture": "#0"},
				"east": {"uv": [7, 6.5, 8, 8.5], "texture": "#0"},
				"south": {"uv": [7, 6.5, 8, 8.5], "texture": "#0"},
				"west": {"uv": [7, 6.5, 8, 8.5], "texture": "#0"},
				"up": {"uv": [0, 0, 1, 1], "texture": "#missing"},
				"down": {"uv": [0, 0, 1, 1], "texture": "#missing"}
			}
		},
		{
			"from": [8, 4, 7],
			"to": [11, 7, 8],
			"faces": {
				"north": {"uv": [6, 8.5, 9, 11.5], "texture": "#0"},
				"east": {"uv": [8.5, 8.5, 9, 11.5], "texture": "#0"},
				"south": {"uv": [6, 8.5, 9, 11.5], "texture": "#0"},
				"west": {"uv": [6, 8.5, 6.5, 11.5], "texture": "#0"},
				"up": {"uv": [6, 8.5, 9, 9], "texture": "#0"},
				"down": {"uv": [6, 11, 9, 11.5], "texture": "#0"}
			}
		}
	],
	"display": {
		"thirdperson_righthand": {
			"translation": [-1.5, 6, 2]
		},
		"thirdperson_lefthand": {
			"rotation": [-29.25, -90, 60],
			"translation": [-0.5, 2.25, -3.25]
		},
		"firstperson_righthand": {
			"translation": [-1.5, 5.75, 0]
		},
		"firstperson_lefthand": {
			"rotation": [0, -62, 0],
			"translation": [3.25, 2.5, 0.5],
			"scale": [0.7, 0.7, 0.7]
		},
		"ground": {
			"rotation": [90, 0, 0],
			"translation": [-1.25, -3, 3.25]
		},
		"gui": {
			"translation": [-1.5, 2.5, 0]
		},
		"fixed": {
			"rotation": [90, 0, 0],
			"translation": [-3, -1.5, -11],
			"scale": [2, 2, 2]
		}
	}
}