{
	"credit": "Made with Blockbench",
	"textures": {
		"0": "story/cyl",
		"particle": "story/cyl"
	},
	"elements": [
		{
			"from": [3, 0, 3],
			"to": [13, 1.4, 13],
			"faces": {
				"north": {"uv": [0, 0, 7, 1], "texture": "#0"},
				"east": {"uv": [0, 0, 7, 1], "texture": "#0"},
				"south": {"uv": [0, 0, 7, 1], "texture": "#0"},
				"west": {"uv": [0, 0, 7, 1], "texture": "#0"},
				"up": {"uv": [7, 0, 14, 7], "texture": "#0"},
				"down": {"uv": [7, 0, 14, 7], "texture": "#0"}
			}
		},
		{
			"from": [5, 1.4, 5],
			"to": [11, 7.4, 11],
			"faces": {
				"north": {"uv": [0, 5.5, 4.5, 10], "texture": "#0"},
				"east": {"uv": [0, 5.5, 4.5, 10], "texture": "#0"},
				"south": {"uv": [0, 5.5, 4.5, 10], "texture": "#0"},
				"west": {"uv": [0, 5.5, 4.5, 10], "texture": "#0"},
				"up": {"uv": [0, 1, 4.5, 5.5], "texture": "#0"},
				"down": {"uv": [0, 0, 6, 6], "texture": "#missing"}
			}
		}
	],
	"display": {
		"thirdperson_righthand": {
			"rotation": [0, 52, 0],
			"translation": [-1.25, 3.25, -2],
			"scale": [0.5, 0.5, 0.5]
		},
		"firstperson_righthand": {
			"rotation": [0, 37, 0],
			"translation": [0, 6.5, 0]
		},
		"ground": {
			"translation": [0, 4, 0]
		},
		"gui": {
			"rotation": [40, 23, 0],
			"translation": [0, 3.5, 0]
		},
		"head": {
			"translation": [0, 20.75, 0],
			"scale": [2, 2, 2]
		},
		"fixed": {
			"translation": [0, 3.75, 0]
		}
	}
}