{
	"credit": "Made with Blockbench",
	"textures": {
		"0": "story/diving_helmet",
		"particle": "story/diving_helmet"
	},
	"elements": [
		{
			"from": [3, 5, 4],
			"to": [13, 7, 5],
			"faces": {
				"north": {"uv": [2.75, 4.75, 5.25, 5], "texture": "#0"},
				"east": {"uv": [2.75, 4.5, 3, 5], "texture": "#0"},
				"south": {"uv": [2.75, 4.75, 5.25, 5], "texture": "#0"},
				"west": {"uv": [0, 3, 0.25, 5], "texture": "#0"},
				"up": {"uv": [0, 4.75, 2.5, 5], "texture": "#0"},
				"down": {"uv": [0, 4.75, 2.5, 5], "texture": "#0"}
			}
		},
		{
			"from": [3, 7, 4],
			"to": [5, 8, 5],
			"faces": {
				"north": {"uv": [2.75, 4.5, 3.25, 4.75], "texture": "#0"},
				"east": {"uv": [0, 2.5, 0.25, 2.75], "texture": "#0"},
				"south": {"uv": [0, 4.75, 0.25, 5], "texture": "#0"},
				"west": {"uv": [0, 4.5, 0.25, 5], "texture": "#0"},
				"up": {"uv": [0, 2.75, 0.25, 3.75], "texture": "#0"},
				"down": {"uv": [0, 4.5, 0.25, 5], "texture": "#0"}
			}
		},
		{
			"from": [12, 8, 4],
			"to": [13, 16, 5],
			"faces": {
				"north": {"uv": [5, 2.5, 5.25, 4.5], "texture": "#0"},
				"east": {"uv": [0, 2.5, 0.25, 5], "texture": "#0"},
				"south": {"uv": [0, 2.5, 0.25, 5], "texture": "#0"},
				"west": {"uv": [5.5, 2.5, 5.75, 4.5], "texture": "#0"},
				"up": {"uv": [0, 2.5, 0.25, 2.75], "texture": "#0"},
				"down": {"uv": [0, 0, 1, 1], "texture": "#missing"}
			}
		},
		{
			"from": [5, 16, 13],
			"to": [11, 17, 14],
			"faces": {
				"north": {"uv": [3.25, 2.25, 4.75, 2.5], "texture": "#0"},
				"east": {"uv": [0.5, 2.25, 0.75, 2.5], "texture": "#0"},
				"south": {"uv": [3.25, 2.25, 4.75, 2.5], "texture": "#0"},
				"west": {"uv": [3.25, 2.25, 3.75, 2.5], "texture": "#0"},
				"up": {"uv": [3.25, 2.25, 4.75, 2.5], "texture": "#0"},
				"down": {"uv": [3.25, 2.25, 4.75, 2.5], "texture": "#0"}
			}
		},
		{
			"from": [12, 15, 5],
			"to": [13, 17, 6],
			"faces": {
				"north": {"uv": [0.25, 2.25, 0.5, 2.75], "texture": "#0"},
				"east": {"uv": [0.25, 2.25, 0.5, 2.75], "texture": "#0"},
				"south": {"uv": [0.25, 2.25, 0.5, 2.75], "texture": "#0"},
				"west": {"uv": [0.25, 2.25, 0.5, 2.75], "texture": "#0"},
				"up": {"uv": [2, 2.5, 2.25, 2.75], "texture": "#0"},
				"down": {"uv": [0.25, 2.5, 0.5, 2.75], "texture": "#0"}
			}
		},
		{
			"from": [3, 5, 5],
			"to": [4, 7, 13],
			"faces": {
				"north": {"uv": [0, 3, 0.25, 5], "texture": "#0"},
				"east": {"uv": [0, 4.75, 2.5, 5], "texture": "#0"},
				"south": {"uv": [0, 3, 0.25, 5], "texture": "#0"},
				"west": {"uv": [5.75, 4.75, 7.75, 5], "texture": "#0"},
				"up": {"uv": [0, 2.5, 0.25, 5], "texture": "#0"},
				"down": {"uv": [0, 2.75, 0.25, 5], "texture": "#0"}
			}
		},
		{
			"from": [3, 7, 5],
			"to": [4, 8, 6],
			"faces": {
				"north": {"uv": [0, 2.5, 0.25, 3.25], "texture": "#0"},
				"east": {"uv": [0, 4.25, 0.25, 5], "texture": "#0"},
				"south": {"uv": [0, 4, 0.25, 5], "texture": "#0"},
				"west": {"uv": [0, 4.5, 0.25, 5], "texture": "#0"},
				"up": {"uv": [0, 2.5, 0.25, 3.25], "texture": "#0"},
				"down": {"uv": [0, 2.5, 0.25, 3], "texture": "#0"}
			}
		},
		{
			"from": [5, 7, 3],
			"to": [11, 8, 5],
			"faces": {
				"north": {"uv": [3.25, 4.5, 4.75, 4.75], "texture": "#0"},
				"east": {"uv": [3.25, 4.5, 3.5, 4.75], "texture": "#0"},
				"south": {"uv": [3.25, 4.5, 4.75, 4.75], "texture": "#0"},
				"west": {"uv": [4.5, 4.5, 4.75, 4.75], "texture": "#0"},
				"up": {"uv": [3.25, 4.5, 4.75, 4.75], "texture": "#0"},
				"down": {"uv": [3.25, 4.5, 4.75, 4.75], "texture": "#0"}
			}
		},
		{
			"from": [11, 8, 3],
			"to": [12, 15, 5],
			"faces": {
				"north": {"uv": [0.25, 2.75, 0.5, 4.5], "texture": "#0"},
				"east": {"uv": [0.25, 2.75, 0.5, 4.5], "texture": "#0"},
				"south": {"uv": [0.25, 2.75, 0.5, 4.5], "texture": "#0"},
				"west": {"uv": [3, 2.75, 3.25, 4.5], "texture": "#0"},
				"up": {"uv": [0.25, 2.75, 0.5, 3.5], "texture": "#0"},
				"down": {"uv": [0.25, 3, 0.5, 3.5], "texture": "#0"}
			}
		},
		{
			"from": [4, 7, 13],
			"to": [12, 16, 14],
			"faces": {
				"north": {"uv": [8.25, 2.75, 10.75, 5], "texture": "#0"},
				"east": {"uv": [0, 0, 1, 9], "texture": "#missing"},
				"south": {"uv": [8.5, 2.5, 10.5, 4.5], "texture": "#0"},
				"west": {"uv": [0, 0, 1, 9], "texture": "#missing"},
				"up": {"uv": [0, 0, 8, 1], "texture": "#missing"},
				"down": {"uv": [0, 0, 8, 1], "texture": "#missing"}
			}
		},
		{
			"from": [3, 8, 4],
			"to": [4, 16, 5],
			"faces": {
				"north": {"uv": [5, 2.5, 5.25, 4.5], "texture": "#0"},
				"east": {"uv": [0, 2.5, 0.25, 5], "texture": "#0"},
				"south": {"uv": [0, 2.5, 0.25, 5], "texture": "#0"},
				"west": {"uv": [5.5, 2.5, 5.75, 4.5], "texture": "#0"},
				"up": {"uv": [0, 2.5, 0.25, 2.75], "texture": "#0"},
				"down": {"uv": [0, 0, 1, 1], "texture": "#missing"}
			}
		},
		{
			"from": [3, 5, 13],
			"to": [13, 7, 14],
			"faces": {
				"north": {"uv": [2.75, 4.75, 5.25, 5], "texture": "#0"},
				"east": {"uv": [2.75, 4.5, 3, 5], "texture": "#0"},
				"south": {"uv": [2.75, 4.75, 5.25, 5], "texture": "#0"},
				"west": {"uv": [0, 3, 0.25, 5], "texture": "#0"},
				"up": {"uv": [0, 4.75, 2.5, 5], "texture": "#0"},
				"down": {"uv": [0, 4.75, 2.5, 5], "texture": "#0"}
			}
		},
		{
			"from": [12, 5, 5],
			"to": [13, 7, 13],
			"faces": {
				"north": {"uv": [0, 3, 0.25, 5], "texture": "#0"},
				"east": {"uv": [0, 4.75, 2.5, 5], "texture": "#0"},
				"south": {"uv": [0, 3, 0.25, 5], "texture": "#0"},
				"west": {"uv": [5.75, 4.75, 7.75, 5], "texture": "#0"},
				"up": {"uv": [0, 2.5, 0.25, 5], "texture": "#0"},
				"down": {"uv": [0, 2.75, 0.25, 5], "texture": "#0"}
			}
		},
		{
			"from": [11, 7, 4],
			"to": [13, 8, 5],
			"faces": {
				"north": {"uv": [2.75, 4.5, 3.25, 4.75], "texture": "#0"},
				"east": {"uv": [0, 2.5, 0.25, 2.75], "texture": "#0"},
				"south": {"uv": [0, 4.75, 0.25, 5], "texture": "#0"},
				"west": {"uv": [0, 4.5, 0.25, 5], "texture": "#0"},
				"up": {"uv": [0, 2.75, 0.25, 3.75], "texture": "#0"},
				"down": {"uv": [0, 4.5, 0.25, 5], "texture": "#0"}
			}
		},
		{
			"from": [12, 7, 5],
			"to": [13, 8, 6],
			"faces": {
				"north": {"uv": [0, 2.5, 0.25, 3.25], "texture": "#0"},
				"east": {"uv": [0, 4.25, 0.25, 5], "texture": "#0"},
				"south": {"uv": [0, 4, 0.25, 5], "texture": "#0"},
				"west": {"uv": [0, 4.5, 0.25, 5], "texture": "#0"},
				"up": {"uv": [0, 2.5, 0.25, 3.25], "texture": "#0"},
				"down": {"uv": [0, 2.5, 0.25, 3], "texture": "#0"}
			}
		},
		{
			"from": [12, 7, 12],
			"to": [13, 8, 14],
			"faces": {
				"north": {"uv": [0, 2.5, 0.25, 3.25], "texture": "#0"},
				"east": {"uv": [0, 4.25, 0.25, 5], "texture": "#0"},
				"south": {"uv": [0, 4, 0.25, 5], "texture": "#0"},
				"west": {"uv": [0, 4.5, 0.25, 5], "texture": "#0"},
				"up": {"uv": [0, 2.5, 0.25, 3.25], "texture": "#0"},
				"down": {"uv": [0, 2.5, 0.25, 3], "texture": "#0"}
			}
		},
		{
			"from": [3, 7, 12],
			"to": [4, 8, 14],
			"faces": {
				"north": {"uv": [0, 2.5, 0.25, 3.25], "texture": "#0"},
				"east": {"uv": [0, 4.25, 0.25, 5], "texture": "#0"},
				"south": {"uv": [0, 4, 0.25, 5], "texture": "#0"},
				"west": {"uv": [0, 4.5, 0.25, 5], "texture": "#0"},
				"up": {"uv": [0, 2.5, 0.25, 3.25], "texture": "#0"},
				"down": {"uv": [0, 2.5, 0.25, 3], "texture": "#0"}
			}
		},
		{
			"from": [12, 8, 13],
			"to": [13, 16, 14],
			"faces": {
				"north": {"uv": [5, 2.5, 5.25, 4.5], "texture": "#0"},
				"east": {"uv": [0, 2.5, 0.25, 5], "texture": "#0"},
				"south": {"uv": [0, 2.5, 0.25, 5], "texture": "#0"},
				"west": {"uv": [5.5, 2.5, 5.75, 4.5], "texture": "#0"},
				"up": {"uv": [0, 2.5, 0.25, 2.75], "texture": "#0"},
				"down": {"uv": [0, 0, 1, 1], "texture": "#missing"}
			}
		},
		{
			"from": [3, 8, 13],
			"to": [4, 16, 14],
			"faces": {
				"north": {"uv": [5, 2.5, 5.25, 4.5], "texture": "#0"},
				"east": {"uv": [0, 2.5, 0.25, 5], "texture": "#0"},
				"south": {"uv": [0, 2.5, 0.25, 5], "texture": "#0"},
				"west": {"uv": [5.5, 2.5, 5.75, 4.5], "texture": "#0"},
				"up": {"uv": [0, 2.5, 0.25, 2.75], "texture": "#0"},
				"down": {"uv": [0, 0, 1, 1], "texture": "#missing"}
			}
		},
		{
			"from": [3, 15, 5],
			"to": [4, 17, 6],
			"faces": {
				"north": {"uv": [0.25, 2.25, 0.5, 2.75], "texture": "#0"},
				"east": {"uv": [0.25, 2.25, 0.5, 2.75], "texture": "#0"},
				"south": {"uv": [0.25, 2.25, 0.5, 2.75], "texture": "#0"},
				"west": {"uv": [0.25, 2.25, 0.5, 2.75], "texture": "#0"},
				"up": {"uv": [2, 2.5, 2.25, 2.75], "texture": "#0"},
				"down": {"uv": [0.25, 2.5, 0.5, 2.75], "texture": "#0"}
			}
		},
		{
			"from": [3, 15, 12],
			"to": [4, 17, 13],
			"faces": {
				"north": {"uv": [0.25, 2.25, 0.5, 2.75], "texture": "#0"},
				"east": {"uv": [0.25, 2.25, 0.5, 2.75], "texture": "#0"},
				"south": {"uv": [0.25, 2.25, 0.5, 2.75], "texture": "#0"},
				"west": {"uv": [0.25, 2.25, 0.5, 2.75], "texture": "#0"},
				"up": {"uv": [2, 2.5, 2.25, 2.75], "texture": "#0"},
				"down": {"uv": [0.25, 2.5, 0.5, 2.75], "texture": "#0"}
			}
		},
		{
			"from": [11, 16, 13],
			"to": [12, 17, 14],
			"faces": {
				"north": {"uv": [0.25, 2.25, 0.5, 2.75], "texture": "#0"},
				"east": {"uv": [0.25, 2.25, 0.5, 2.75], "texture": "#0"},
				"south": {"uv": [0.25, 2.25, 0.5, 2.75], "texture": "#0"},
				"west": {"uv": [0.25, 2.25, 0.5, 2.75], "texture": "#0"},
				"up": {"uv": [2, 2.5, 2.25, 2.75], "texture": "#0"},
				"down": {"uv": [0.25, 2.5, 0.5, 2.75], "texture": "#0"}
			}
		},
		{
			"from": [12, 15, 12],
			"to": [13, 17, 13],
			"faces": {
				"north": {"uv": [0.25, 2.25, 0.5, 2.75], "texture": "#0"},
				"east": {"uv": [0.25, 2.25, 0.5, 2.75], "texture": "#0"},
				"south": {"uv": [0.25, 2.25, 0.5, 2.75], "texture": "#0"},
				"west": {"uv": [0.25, 2.25, 0.5, 2.75], "texture": "#0"},
				"up": {"uv": [2, 2.5, 2.25, 2.75], "texture": "#0"},
				"down": {"uv": [0.25, 2.5, 0.5, 2.75], "texture": "#0"}
			}
		},
		{
			"from": [4, 16, 13],
			"to": [5, 17, 14],
			"faces": {
				"north": {"uv": [0.25, 2.25, 0.5, 2.75], "texture": "#0"},
				"east": {"uv": [0.25, 2.25, 0.5, 2.75], "texture": "#0"},
				"south": {"uv": [0.25, 2.25, 0.5, 2.75], "texture": "#0"},
				"west": {"uv": [0.25, 2.25, 0.5, 2.75], "texture": "#0"},
				"up": {"uv": [2, 2.5, 2.25, 2.75], "texture": "#0"},
				"down": {"uv": [0.25, 2.5, 0.5, 2.75], "texture": "#0"}
			}
		},
		{
			"from": [11, 15, 4],
			"to": [12, 17, 5],
			"faces": {
				"north": {"uv": [0.25, 2.25, 0.5, 2.75], "texture": "#0"},
				"east": {"uv": [0.25, 2.25, 0.5, 2.75], "texture": "#0"},
				"south": {"uv": [0.25, 2.25, 0.5, 2.75], "texture": "#0"},
				"west": {"uv": [0.25, 2.25, 0.5, 2.75], "texture": "#0"},
				"up": {"uv": [2, 2.5, 2.25, 2.75], "texture": "#0"},
				"down": {"uv": [0.25, 2.5, 0.5, 2.75], "texture": "#0"}
			}
		},
		{
			"from": [4, 15, 4],
			"to": [5, 17, 5],
			"faces": {
				"north": {"uv": [0.25, 2.25, 0.5, 2.75], "texture": "#0"},
				"east": {"uv": [0.25, 2.25, 0.5, 2.75], "texture": "#0"},
				"south": {"uv": [0.25, 2.25, 0.5, 2.75], "texture": "#0"},
				"west": {"uv": [0.25, 2.25, 0.5, 2.75], "texture": "#0"},
				"up": {"uv": [2, 2.5, 2.25, 2.75], "texture": "#0"},
				"down": {"uv": [0.25, 2.5, 0.5, 2.75], "texture": "#0"}
			}
		},
		{
			"from": [3, 16, 6],
			"to": [4, 17, 12],
			"faces": {
				"north": {"uv": [3.25, 2.25, 4.75, 2.5], "texture": "#0"},
				"east": {"uv": [0.5, 2.25, 0.75, 2.5], "texture": "#0"},
				"south": {"uv": [3.25, 2.25, 4.75, 2.5], "texture": "#0"},
				"west": {"uv": [3.25, 2.25, 3.75, 2.5], "texture": "#0"},
				"up": {"uv": [3.25, 2.25, 4.75, 2.5], "texture": "#0"},
				"down": {"uv": [3.25, 2.25, 4.75, 2.5], "texture": "#0"}
			}
		},
		{
			"from": [5, 16, 4],
			"to": [11, 17, 5],
			"faces": {
				"north": {"uv": [3.25, 2.25, 4.75, 2.5], "texture": "#0"},
				"east": {"uv": [0.5, 2.25, 0.75, 2.5], "texture": "#0"},
				"south": {"uv": [3.25, 2.25, 4.75, 2.5], "texture": "#0"},
				"west": {"uv": [3.25, 2.25, 3.75, 2.5], "texture": "#0"},
				"up": {"uv": [3.25, 2.25, 4.75, 2.5], "texture": "#0"},
				"down": {"uv": [3.25, 2.25, 4.75, 2.5], "texture": "#0"}
			}
		},
		{
			"from": [12, 16, 6],
			"to": [13, 17, 12],
			"faces": {
				"north": {"uv": [3.25, 2.25, 4.75, 2.5], "texture": "#0"},
				"east": {"uv": [0.5, 2.25, 0.75, 2.5], "texture": "#0"},
				"south": {"uv": [3.25, 2.25, 4.75, 2.5], "texture": "#0"},
				"west": {"uv": [3.25, 2.25, 3.75, 2.5], "texture": "#0"},
				"up": {"uv": [3.25, 2.25, 4.75, 2.5], "texture": "#0"},
				"down": {"uv": [3.25, 2.25, 4.75, 2.5], "texture": "#0"}
			}
		},
		{
			"from": [5, 15, 3],
			"to": [11, 16, 5],
			"faces": {
				"north": {"uv": [3.25, 4.5, 4.75, 4.75], "texture": "#0"},
				"east": {"uv": [3.25, 4.5, 3.5, 4.75], "texture": "#0"},
				"south": {"uv": [3.25, 4.5, 4.75, 4.75], "texture": "#0"},
				"west": {"uv": [4.5, 4.5, 4.75, 4.75], "texture": "#0"},
				"up": {"uv": [3.25, 4.5, 4.75, 4.75], "texture": "#0"},
				"down": {"uv": [3.25, 4.5, 4.75, 4.75], "texture": "#0"}
			}
		},
		{
			"from": [4, 8, 3],
			"to": [5, 15, 5],
			"faces": {
				"north": {"uv": [0.25, 2.75, 0.5, 4.5], "texture": "#0"},
				"east": {"uv": [0.25, 2.75, 0.5, 4.5], "texture": "#0"},
				"south": {"uv": [0.25, 2.75, 0.5, 4.5], "texture": "#0"},
				"west": {"uv": [3, 2.75, 3.25, 4.5], "texture": "#0"},
				"up": {"uv": [0.25, 2.75, 0.5, 3.5], "texture": "#0"},
				"down": {"uv": [0.25, 3, 0.5, 3.5], "texture": "#0"}
			}
		},
		{
			"from": [2, 8, 5],
			"to": [4, 15, 6],
			"faces": {
				"north": {"uv": [0.25, 2.75, 0.5, 4.5], "texture": "#0"},
				"east": {"uv": [0.25, 2.75, 0.5, 4.5], "texture": "#0"},
				"south": {"uv": [0.25, 2.75, 0.5, 4.5], "texture": "#0"},
				"west": {"uv": [3, 2.75, 3.25, 4.5], "texture": "#0"},
				"up": {"uv": [0.25, 2.75, 0.5, 3.5], "texture": "#0"},
				"down": {"uv": [0.25, 3, 0.5, 3.5], "texture": "#0"}
			}
		},
		{
			"from": [2, 8, 12],
			"to": [4, 15, 13],
			"faces": {
				"north": {"uv": [0.25, 2.75, 0.5, 4.5], "texture": "#0"},
				"east": {"uv": [0.25, 2.75, 0.5, 4.5], "texture": "#0"},
				"south": {"uv": [0.25, 2.75, 0.5, 4.5], "texture": "#0"},
				"west": {"uv": [3, 2.75, 3.25, 4.5], "texture": "#0"},
				"up": {"uv": [0.25, 2.75, 0.5, 3.5], "texture": "#0"},
				"down": {"uv": [0.25, 3, 0.5, 3.5], "texture": "#0"}
			}
		},
		{
			"from": [4, 16, 5],
			"to": [12, 18, 13],
			"faces": {
				"north": {"uv": [3, 1.75, 5, 2], "texture": "#0"},
				"east": {"uv": [3, 1.75, 5, 2], "texture": "#0"},
				"south": {"uv": [3, 1.75, 5, 2], "texture": "#0"},
				"west": {"uv": [3, 1.75, 5, 2], "texture": "#0"},
				"up": {"uv": [3, 0, 5, 2], "texture": "#0"},
				"down": {"uv": [3, 0, 5, 2], "texture": "#0"}
			}
		},
		{
			"from": [12, 8, 5],
			"to": [14, 15, 6],
			"faces": {
				"north": {"uv": [0.25, 2.75, 0.5, 4.5], "texture": "#0"},
				"east": {"uv": [0.25, 2.75, 0.5, 4.5], "texture": "#0"},
				"south": {"uv": [0.25, 2.75, 0.5, 4.5], "texture": "#0"},
				"west": {"uv": [3, 2.75, 3.25, 4.5], "texture": "#0"},
				"up": {"uv": [0.25, 2.75, 0.5, 3.5], "texture": "#0"},
				"down": {"uv": [0.25, 3, 0.5, 3.5], "texture": "#0"}
			}
		},
		{
			"from": [12, 8, 12],
			"to": [14, 15, 13],
			"faces": {
				"north": {"uv": [0.25, 2.75, 0.5, 4.5], "texture": "#0"},
				"east": {"uv": [0.25, 2.75, 0.5, 4.5], "texture": "#0"},
				"south": {"uv": [0.25, 2.75, 0.5, 4.5], "texture": "#0"},
				"west": {"uv": [3, 2.75, 3.25, 4.5], "texture": "#0"},
				"up": {"uv": [0.25, 2.75, 0.5, 3.5], "texture": "#0"},
				"down": {"uv": [0.25, 3, 0.5, 3.5], "texture": "#0"}
			}
		},
		{
			"from": [12, 15, 6],
			"to": [14, 16, 12],
			"faces": {
				"north": {"uv": [4.5, 4.5, 4.75, 4.75], "texture": "#0"},
				"east": {"uv": [3.25, 4.5, 4.75, 4.75], "texture": "#0"},
				"south": {"uv": [3.25, 4.5, 3.5, 4.75], "texture": "#0"},
				"west": {"uv": [3.25, 4.5, 4.75, 4.75], "texture": "#0"},
				"up": {"uv": [3.25, 4.5, 4.75, 4.75], "rotation": 90, "texture": "#0"},
				"down": {"uv": [3.25, 4.5, 4.75, 4.75], "rotation": 270, "texture": "#0"}
			}
		},
		{
			"from": [12, 7, 6],
			"to": [14, 8, 12],
			"faces": {
				"north": {"uv": [4.5, 4.5, 4.75, 4.75], "texture": "#0"},
				"east": {"uv": [3.25, 4.5, 4.75, 4.75], "texture": "#0"},
				"south": {"uv": [3.25, 4.5, 3.5, 4.75], "texture": "#0"},
				"west": {"uv": [3.25, 4.5, 4.75, 4.75], "texture": "#0"},
				"up": {"uv": [3.25, 4.5, 4.75, 4.75], "rotation": 90, "texture": "#0"},
				"down": {"uv": [3.25, 4.5, 4.75, 4.75], "rotation": 270, "texture": "#0"}
			}
		},
		{
			"from": [2, 15, 6],
			"to": [4, 16, 12],
			"faces": {
				"north": {"uv": [4.5, 4.5, 4.75, 4.75], "texture": "#0"},
				"east": {"uv": [3.25, 4.5, 4.75, 4.75], "texture": "#0"},
				"south": {"uv": [3.25, 4.5, 3.5, 4.75], "texture": "#0"},
				"west": {"uv": [3.25, 4.5, 4.75, 4.75], "texture": "#0"},
				"up": {"uv": [3.25, 4.5, 4.75, 4.75], "rotation": 90, "texture": "#0"},
				"down": {"uv": [3.25, 4.5, 4.75, 4.75], "rotation": 270, "texture": "#0"}
			}
		},
		{
			"from": [2, 7, 6],
			"to": [4, 8, 12],
			"faces": {
				"north": {"uv": [4.5, 4.5, 4.75, 4.75], "texture": "#0"},
				"east": {"uv": [3.25, 4.5, 4.75, 4.75], "texture": "#0"},
				"south": {"uv": [3.25, 4.5, 3.5, 4.75], "texture": "#0"},
				"west": {"uv": [3.25, 4.5, 4.75, 4.75], "texture": "#0"},
				"up": {"uv": [3.25, 4.5, 4.75, 4.75], "rotation": 90, "texture": "#0"},
				"down": {"uv": [3.25, 4.5, 4.75, 4.75], "rotation": 270, "texture": "#0"}
			}
		},
		{
			"from": [5, 8, 3],
			"to": [11, 15, 4],
			"faces": {
				"north": {"uv": [3.25, 2.75, 4.75, 4.5], "texture": "#0"},
				"east": {"uv": [1, 5.25, 2, 12.25], "texture": "#0"},
				"south": {"uv": [5.5, 6, 7, 7.75], "texture": "#0"},
				"west": {"uv": [0.5, 5.5, 1.5, 12.5], "texture": "#0"},
				"up": {"uv": [0, 6.75, 4.5, 7.5], "texture": "#0"},
				"down": {"uv": [0, 7, 6, 8], "texture": "#0"}
			}
		},
		{
			"from": [13, 8, 6],
			"to": [14, 15, 12],
			"faces": {
				"north": {"uv": [0, 5, 1, 12], "texture": "#0"},
				"east": {"uv": [6, 2.75, 7.5, 4.5], "texture": "#0"},
				"south": {"uv": [0.25, 6.25, 1, 7], "texture": "#0"},
				"west": {"uv": [6, 2.75, 7.5, 4.5], "texture": "#0"},
				"up": {"uv": [0.25, 5.25, 1.25, 11.25], "texture": "#0"},
				"down": {"uv": [0, 5.5, 1.25, 6.25], "texture": "#0"}
			}
		},
		{
			"from": [4, 4, 5],
			"to": [12, 5, 6],
			"faces": {
				"north": {"uv": [3, 5.25, 5, 5.5], "texture": "#0"},
				"east": {"uv": [3, 5.25, 3.25, 5.5], "texture": "#0"},
				"south": {"uv": [3, 5.25, 5, 5.5], "texture": "#0"},
				"west": {"uv": [4.75, 5.25, 5, 5.5], "texture": "#0"},
				"up": {"uv": [3, 5.25, 5, 5.5], "texture": "#0"},
				"down": {"uv": [3, 5.25, 5, 5.5], "texture": "#0"}
			}
		},
		{
			"from": [4, 3, 6],
			"to": [12, 5, 7],
			"faces": {
				"north": {"uv": [3, 5.75, 5, 6], "texture": "#0"},
				"east": {"uv": [3, 5.75, 3.25, 6], "texture": "#0"},
				"south": {"uv": [3, 5.75, 5, 6], "texture": "#0"},
				"west": {"uv": [3, 5.75, 3.25, 6], "texture": "#0"},
				"up": {"uv": [3, 5.75, 5, 6], "texture": "#0"},
				"down": {"uv": [3, 5.75, 3.25, 6], "texture": "#0"}
			}
		},
		{
			"from": [5, 2, 6],
			"to": [11, 3, 7],
			"faces": {
				"north": {"uv": [3.25, 6, 4.75, 6.25], "texture": "#0"},
				"east": {"uv": [3.25, 6, 3.5, 6.25], "texture": "#0"},
				"south": {"uv": [3.25, 6, 4.75, 6.25], "texture": "#0"},
				"west": {"uv": [4.5, 6, 4.75, 6.25], "texture": "#0"},
				"up": {"uv": [0, 0, 6, 1], "texture": "#missing"},
				"down": {"uv": [3.25, 6, 4.75, 6.25], "texture": "#0"}
			}
		},
		{
			"from": [4, 5, 5],
			"to": [12, 7, 7],
			"faces": {
				"north": {"uv": [3, 1.75, 5, 2], "texture": "#0"},
				"east": {"uv": [3, 1.75, 5, 2], "texture": "#0"},
				"south": {"uv": [3, 1.75, 5, 2], "texture": "#0"},
				"west": {"uv": [3, 1.75, 5, 2], "texture": "#0"},
				"up": {"uv": [3, 0, 5, 2], "texture": "#0"},
				"down": {"uv": [3, 0, 5, 2], "texture": "#0"}
			}
		},
		{
			"from": [4, 3, 11],
			"to": [12, 5, 12],
			"faces": {
				"north": {"uv": [3, 5.75, 5, 6], "texture": "#0"},
				"east": {"uv": [3, 5.75, 3.25, 6], "texture": "#0"},
				"south": {"uv": [3, 5.75, 5, 6], "texture": "#0"},
				"west": {"uv": [3, 5.75, 3.25, 6], "texture": "#0"},
				"up": {"uv": [3, 5.75, 5, 6], "texture": "#0"},
				"down": {"uv": [3, 5.75, 3.25, 6], "texture": "#0"}
			}
		},
		{
			"from": [4, 4, 12],
			"to": [12, 5, 13],
			"faces": {
				"north": {"uv": [3, 5.25, 5, 5.5], "texture": "#0"},
				"east": {"uv": [3, 5.25, 3.25, 5.5], "texture": "#0"},
				"south": {"uv": [3, 5.25, 5, 5.5], "texture": "#0"},
				"west": {"uv": [4.75, 5.25, 5, 5.5], "texture": "#0"},
				"up": {"uv": [3, 5.25, 5, 5.5], "texture": "#0"},
				"down": {"uv": [3, 5.25, 5, 5.5], "texture": "#0"}
			}
		},
		{
			"from": [5, 2, 11],
			"to": [11, 3, 12],
			"faces": {
				"north": {"uv": [3.25, 6, 4.75, 6.25], "texture": "#0"},
				"east": {"uv": [3.25, 6, 3.5, 6.25], "texture": "#0"},
				"south": {"uv": [3.25, 6, 4.75, 6.25], "texture": "#0"},
				"west": {"uv": [4.5, 6, 4.75, 6.25], "texture": "#0"},
				"up": {"uv": [0, 0, 6, 1], "texture": "#missing"},
				"down": {"uv": [3.25, 6, 4.75, 6.25], "texture": "#0"}
			}
		},
		{
			"from": [5, 8, 14],
			"to": [11, 15, 15],
			"faces": {
				"north": {"uv": [5, 2.5, 5.25, 4.5], "texture": "#0"},
				"east": {"uv": [0, 2.5, 0.25, 5], "texture": "#0"},
				"south": {"uv": [0, 2.5, 0.25, 5], "texture": "#0"},
				"west": {"uv": [5.5, 2.5, 5.75, 4.5], "texture": "#0"},
				"up": {"uv": [0, 2.5, 0.25, 2.75], "texture": "#0"},
				"down": {"uv": [0, 0, 1, 1], "texture": "#missing"}
			}
		},
		{
			"from": [5, 15, 14],
			"to": [11, 16, 15],
			"faces": {
				"north": {"uv": [11.5, 2.5, 13, 2.75], "texture": "#0"},
				"east": {"uv": [11.5, 2.5, 11.75, 2.75], "texture": "#0"},
				"south": {"uv": [11.5, 2.5, 13, 2.75], "texture": "#0"},
				"west": {"uv": [11.25, 2.75, 11.5, 3], "texture": "#0"},
				"up": {"uv": [11.5, 2.5, 13, 2.75], "texture": "#0"},
				"down": {"uv": [11.5, 2.5, 13, 2.75], "texture": "#0"}
			}
		},
		{
			"from": [5, 7, 14],
			"to": [11, 8, 15],
			"faces": {
				"north": {"uv": [11.5, 2.5, 13, 2.75], "texture": "#0"},
				"east": {"uv": [11.5, 2.5, 11.75, 2.75], "texture": "#0"},
				"south": {"uv": [11.5, 2.5, 13, 2.75], "texture": "#0"},
				"west": {"uv": [11.25, 2.75, 11.5, 3], "texture": "#0"},
				"up": {"uv": [11.5, 2.5, 13, 2.75], "texture": "#0"},
				"down": {"uv": [11.5, 2.5, 13, 2.75], "texture": "#0"}
			}
		},
		{
			"from": [11, 8, 14],
			"to": [12, 15, 15],
			"faces": {
				"north": {"uv": [0, 0, 1, 7], "texture": "#missing"},
				"east": {"uv": [11.25, 2.75, 11.5, 4.5], "texture": "#0"},
				"south": {"uv": [11.25, 2.75, 11.5, 4.5], "texture": "#0"},
				"west": {"uv": [0, 0, 1, 7], "texture": "#missing"},
				"up": {"uv": [11.25, 2.75, 11.5, 3], "texture": "#0"},
				"down": {"uv": [11.25, 4.25, 11.5, 4.5], "texture": "#0"}
			}
		},
		{
			"from": [4, 8, 14],
			"to": [5, 15, 15],
			"faces": {
				"north": {"uv": [0, 0, 1, 7], "texture": "#missing"},
				"east": {"uv": [11.25, 2.75, 11.5, 4.5], "texture": "#0"},
				"south": {"uv": [11.25, 2.75, 11.5, 4.5], "texture": "#0"},
				"west": {"uv": [11.25, 2.75, 11.5, 4.5], "texture": "#0"},
				"up": {"uv": [11.25, 2.75, 11.5, 3], "texture": "#0"},
				"down": {"uv": [11.25, 4.25, 11.5, 4.5], "texture": "#0"}
			}
		},
		{
			"from": [4, 5, 11],
			"to": [12, 7, 13],
			"faces": {
				"north": {"uv": [3, 1.75, 5, 2], "texture": "#0"},
				"east": {"uv": [3, 1.75, 5, 2], "texture": "#0"},
				"south": {"uv": [3, 1.75, 5, 2], "texture": "#0"},
				"west": {"uv": [3, 1.75, 5, 2], "texture": "#0"},
				"up": {"uv": [3, 0, 5, 2], "texture": "#0"},
				"down": {"uv": [3, 0, 5, 2], "texture": "#0"}
			}
		},
		{
			"from": [2, 8, 6],
			"to": [3, 15, 12],
			"faces": {
				"north": {"uv": [0, 5, 1, 12], "texture": "#0"},
				"east": {"uv": [6, 2.75, 7.5, 4.5], "texture": "#0"},
				"south": {"uv": [0.25, 6.25, 1, 7], "texture": "#0"},
				"west": {"uv": [6, 2.75, 7.5, 4.5], "texture": "#0"},
				"up": {"uv": [0.25, 5.25, 1.25, 11.25], "texture": "#0"},
				"down": {"uv": [0, 5.5, 1.25, 6.25], "texture": "#0"}
			}
		}
	],
	"display": {
		"thirdperson_righthand": {
			"translation": [-5.75, -2.75, 0.75]
		},
		"thirdperson_lefthand": {
			"translation": [-5.75, 0, 0]
		},
		"firstperson_righthand": {
			"rotation": [15, 8, 0],
			"translation": [-9, -1.5, -6.75]
		},
		"firstperson_lefthand": {
			"rotation": [15, 8, 0],
			"translation": [-9, -1.5, -6.75]
		},
		"ground": {
			"translation": [0, 3, -0.25]
		},
		"gui": {
			"translation": [0, -2, 0]
		},
		"head": {
			"translation": [0, -4.75, -1.5],
			"scale": [1.5, 1.5, 1.5]
		},
		"fixed": {
			"translation": [0, -2.75, 0],
			"scale": [1.5, 1.5, 1.5]
		}
	}
}