{
	"credit": "Made with Blockbench",
	"textures": {
		"0": "story/firework_hat",
		"particle": "story/firework_hat"
	},
	"elements": [
		{
			"from": [3, 0, 3],
			"to": [13, 1, 13],
			"faces": {
				"north": {"uv": [0, 6, 1, 7], "texture": "#0"},
				"east": {"uv": [0, 6, 1, 7], "texture": "#0"},
				"south": {"uv": [0, 6, 1, 7], "texture": "#0"},
				"west": {"uv": [0, 6, 1, 7], "texture": "#0"},
				"up": {"uv": [0, 6, 1, 7], "texture": "#0"},
				"down": {"uv": [0, 6, 1, 7], "texture": "#0"}
			}
		},
		{
			"from": [4, 1, 4],
			"to": [12, 4, 12],
			"faces": {
				"north": {"uv": [0, 0, 8, 3], "texture": "#0"},
				"east": {"uv": [0, 3, 8, 6], "texture": "#0"},
				"south": {"uv": [0, 3, 8, 6], "texture": "#0"},
				"west": {"uv": [0, 3, 8, 6], "texture": "#0"},
				"up": {"uv": [8, 0, 16, 8], "texture": "#0"},
				"down": {"uv": [0, 0, 8, 8], "texture": "#missing"}
			}
		},
		{
			"from": [6, 4, 6],
			"to": [10, 5, 10],
			"faces": {
				"north": {"uv": [4, 6, 8, 7], "texture": "#0"},
				"east": {"uv": [4, 6, 8, 7], "texture": "#0"},
				"south": {"uv": [4, 6, 8, 7], "texture": "#0"},
				"west": {"uv": [4, 6, 8, 7], "texture": "#0"},
				"up": {"uv": [4, 6, 8, 10], "texture": "#0"},
				"down": {"uv": [0, 0, 4, 4], "texture": "#missing"}
			}
		}
	],
	"display": {
		"thirdperson_righthand": {
			"rotation": [0, 0, -90],
			"translation": [5.5, 1.25, 0]
		},
		"thirdperson_lefthand": {
			"rotation": [0, 0, -90],
			"translation": [5.5, 1.25, 0]
		},
		"firstperson_righthand": {
			"rotation": [0, 98, 0],
			"translation": [4.25, 4.5, -5.25]
		},
		"firstperson_lefthand": {
			"rotation": [0, 52, 0],
			"translation": [1.25, 7, 0]
		},
		"ground": {
			"translation": [0, 3.25, 0]
		},
		"gui": {
			"rotation": [30, 127, 0],
			"translation": [0, 3.75, 0]
		},
		"head": {
			"translation": [0, 16, 0],
			"scale": [1.7, 1.7, 1.7]
		}
	}
}