{
	"credit": "Made with Blockbench",
	"textures": {
		"0": "story/gauntlet",
		"particle": "gauntlet"
	},
	"elements": [
		{
			"from": [4, 0, 5],
			"to": [14.5, 10, 15.5],
			"faces": {
				"north": {"uv": [0, 1.5, 2.5, 3.5], "texture": "#0"},
				"east": {"uv": [9, 1.5, 11.5, 3.5], "texture": "#0"},
				"south": {"uv": [6, 1.5, 8.5, 3.5], "texture": "#0"},
				"west": {"uv": [3, 1.5, 5.5, 3.5], "texture": "#0"},
				"up": {"uv": [12, 3, 14.5, 5.5], "texture": "#0"},
				"down": {"uv": [12, 0, 14.5, 2.5], "texture": "#0"}
			}
		},
		{
			"from": [5, 10, 6],
			"to": [13.5, 12, 14.5],
			"faces": {
				"north": {"uv": [0, 4.5, 2, 5.5], "texture": "#0"},
				"east": {"uv": [0, 5, 1.5, 6.5], "texture": "#0"},
				"south": {"uv": [0, 4, 2.5, 6.5], "texture": "#0"},
				"west": {"uv": [0, 5, 2, 6], "texture": "#0"},
				"up": {"uv": [0, 4, 2.5, 6.5], "texture": "#0"},
				"down": {"uv": [0, 4, 2.5, 6.5], "texture": "#0"}
			}
		},
		{
			"from": [4, 12, 5],
			"to": [14.5, 16, 15.5],
			"faces": {
				"north": {"uv": [0, 0, 2.5, 1], "texture": "#0"},
				"east": {"uv": [9, 0, 11.5, 1], "texture": "#0"},
				"south": {"uv": [6, 0, 8.5, 1], "texture": "#0"},
				"west": {"uv": [3, 0, 5.5, 1], "texture": "#0"},
				"up": {"uv": [12, 3, 14.5, 5.5], "texture": "#0"},
				"down": {"uv": [12, 3, 14.5, 5.5], "texture": "#0"}
			}
		}
	],
	"display": {
		"thirdperson_righthand": {
			"rotation": [90, 0, 0],
			"translation": [-0.75, -0.75, 3.75],
			"scale": [0.51, 0.51, 0.51]
		},
		"thirdperson_lefthand": {
			"rotation": [90, 180, 0],
			"translation": [-0.5, -3, 3.5],
			"scale": [0.51, 0.51, 0.51]
		},
		"firstperson_righthand": {
			"rotation": [130, 0, 0],
			"translation": [2, 3.25, 0],
			"scale": [0.51, 0.51, 0.51]
		},
		"firstperson_lefthand": {
			"rotation": [130, 180, 0],
			"translation": [0.25, 1.1, -0.5],
			"scale": [0.51, 0.51, 0.51]
		},
		"ground": {
			"rotation": [-180, 0, 0],
			"translation": [-0.75, 0, 1.5],
			"scale": [0.51, 0.51, 0.51]
		},
		"gui": {
			"rotation": [21, 146, 180],
			"translation": [-1.75, 0, -4.75],
			"scale": [0.7, 0.7, 0.7]
		},
		"head": {
			"rotation": [22.75, 0, 0],
			"translation": [8.75, -18.75, -5.75],
			"scale": [0.8, 0.8, 0.8]
		},
		"fixed": {
			"rotation": [90, 0, 0],
			"translation": [-0.25, 3.25, -14.75]
		}
	}
}