{
	"credit": "Made with Blockbench",
	"textures": {
		"0": "story/nurm_hat",
		"particle": "story/nurm_hat"
	},
	"elements": [
		{
			"from": [4, 0, 0],
			"to": [12, 1, 8],
			"faces": {
				"north": {"uv": [0, 5.5, 5, 6], "texture": "#0"},
				"east": {"uv": [0, 5.5, 5, 6], "texture": "#0"},
				"south": {"uv": [0, 5.5, 5, 6], "texture": "#0"},
				"west": {"uv": [0, 5.5, 5, 6], "texture": "#0"},
				"up": {"uv": [0, 0, 5, 5], "texture": "#0"},
				"down": {"uv": [0, 0, 5, 5], "texture": "#0"}
			}
		},
		{
			"from": [5, 1, 1],
			"to": [11, 2, 7],
			"faces": {
				"north": {"uv": [5.5, 0, 6.5, 3.7], "texture": "#0"},
				"east": {"uv": [5.5, 2.5, 10.5, 3.5], "texture": "#0"},
				"south": {"uv": [5.5, 0, 6.5, 3.2], "texture": "#0"},
				"west": {"uv": [6, 0, 6.7, 3.2], "texture": "#0"},
				"up": {"uv": [5.5, 0, 10.5, 4.7], "texture": "#0"},
				"down": {"uv": [5.5, 0, 10, 4.7], "texture": "#0"}
			}
		},
		{
			"from": [4, 2, 0],
			"to": [12, 3, 8],
			"faces": {
				"north": {"uv": [11, 5.5, 16, 6], "texture": "#0"},
				"east": {"uv": [11, 5.5, 16, 6], "texture": "#0"},
				"south": {"uv": [11, 5.5, 16, 6], "texture": "#0"},
				"west": {"uv": [11, 5.5, 16, 6], "texture": "#0"},
				"up": {"uv": [11, 0, 16, 5], "texture": "#0"},
				"down": {"uv": [11, 0, 16, 5], "texture": "#0"}
			}
		},
		{
			"from": [5, 3, 1],
			"to": [11, 4, 7],
			"faces": {
				"north": {"uv": [4.5, 6.5, 7.5, 7], "texture": "#0"},
				"east": {"uv": [4.5, 7.5, 7.5, 8], "texture": "#0"},
				"south": {"uv": [8, 6.5, 11, 7], "texture": "#0"},
				"west": {"uv": [8, 6.5, 11, 7], "texture": "#0"},
				"up": {"uv": [4.5, 8.5, 7.5, 11.5], "texture": "#0"},
				"down": {"uv": [4.5, 7.5, 7.5, 10.5], "texture": "#0"}
			}
		},
		{
			"from": [11, 3, 1],
			"to": [12, 4, 2],
			"faces": {
				"north": {"uv": [0.5, 7, 1.5, 8], "texture": "#0"},
				"east": {"uv": [0.5, 6.5, 1.5, 8], "texture": "#0"},
				"south": {"uv": [0, 6.5, 1, 8.5], "texture": "#0"},
				"west": {"uv": [0.5, 7, 1.5, 8], "texture": "#0"},
				"up": {"uv": [0, 6.5, 1.5, 8], "texture": "#0"},
				"down": {"uv": [0.5, 7, 1.5, 8], "texture": "#0"}
			}
		},
		{
			"from": [11, 4, 2],
			"to": [12, 5, 3],
			"faces": {
				"north": {"uv": [0.5, 7, 1.5, 8], "texture": "#0"},
				"east": {"uv": [0.5, 6.5, 1.5, 8], "texture": "#0"},
				"south": {"uv": [0, 6.5, 1, 8.5], "texture": "#0"},
				"west": {"uv": [0.5, 7, 1.5, 8], "texture": "#0"},
				"up": {"uv": [0, 6.5, 1.5, 8], "texture": "#0"},
				"down": {"uv": [0.5, 7, 1.5, 8], "texture": "#0"}
			}
		}
	],
	"display": {
		"thirdperson_righthand": {
			"translation": [0, 7.75, 5]
		},
		"thirdperson_lefthand": {
			"translation": [0, 8.5, 3]
		},
		"firstperson_righthand": {
			"rotation": [0, 45, 0],
			"translation": [6.5, 4.25, 0]
		},
		"firstperson_lefthand": {
			"rotation": [0, -30, 0],
			"translation": [2.5, 4.25, 0]
		},
		"ground": {
			"translation": [0, 5.25, 4]
		},
		"gui": {
			"rotation": [23, 134, 0],
			"translation": [2.5, 5.75, 0]
		},
		"head": {
			"translation": [0, 18, 8.75],
			"scale": [2.2, 2.2, 2.2]
		},
		"fixed": {
			"translation": [0, 5.5, 0]
		}
	}
}