{
	"credit": "Made with Blockbench",
	"textures": {
		"0": "story/portal_atlas",
		"particle": "story/portal_atlas"
	},
	"elements": [
		{
			"from": [7, 1, 0],
			"to": [9, 1, 10],
			"faces": {
				"north": {"uv": [0, 0, 2, 0], "texture": "#missing"},
				"east": {"uv": [0, 0, 10, 0], "texture": "#missing"},
				"south": {"uv": [0, 0, 2, 0], "texture": "#missing"},
				"west": {"uv": [0, 0, 10, 0], "texture": "#missing"},
				"up": {"uv": [3, 0, 4, 5], "texture": "#0"},
				"down": {"uv": [3, 0, 4, 5], "texture": "#0"}
			}
		},
		{
			"from": [0.8, 2.1, 0],
			"to": [6.8, 2.1, 10],
			"rotation": {"angle": -22.5, "axis": "z", "origin": [4, 1, 5]},
			"faces": {
				"north": {"uv": [0, 0, 6, 0], "texture": "#missing"},
				"east": {"uv": [3, 5.5, 3.5, 9.5], "texture": "#missing"},
				"south": {"uv": [0, 0, 6, 0], "texture": "#missing"},
				"west": {"uv": [0, 0, 10, 0], "texture": "#missing"},
				"up": {"uv": [7.5, 0, 10.5, 5], "texture": "#0"},
				"down": {"uv": [0, 0, 3, 5], "texture": "#0"}
			}
		},
		{
			"from": [8.6, -0.9, 0],
			"to": [14.6, -0.9, 10],
			"rotation": {"angle": 22.5, "axis": "z", "origin": [4, 1, 5]},
			"faces": {
				"north": {"uv": [0, 0, 6, 0], "texture": "#missing"},
				"east": {"uv": [0, 0, 10, 0], "texture": "#missing"},
				"south": {"uv": [0, 5, 2.5, 5.5], "texture": "#missing"},
				"west": {"uv": [0, 0, 10, 0], "texture": "#missing"},
				"up": {"uv": [11.5, 0, 14.5, 5], "texture": "#0"},
				"down": {"uv": [4, 0, 7, 5], "texture": "#0"}
			}
		},
		{
			"from": [3.1, 2, 1],
			"to": [8.1, 3, 9],
			"rotation": {"angle": -22.5, "axis": "z", "origin": [5.5, 2.5, 4.5]},
			"faces": {
				"north": {"uv": [0.5, 9, 3, 9.5], "texture": "#0"},
				"east": {"uv": [3, 5.5, 3.5, 9.5], "texture": "#0"},
				"south": {"uv": [2.5, 5, 6.5, 5.5], "texture": "#0"},
				"west": {"uv": [6, 5.5, 6.5, 9.5], "texture": "#0"},
				"up": {"uv": [9.5, 5.5, 12, 9.5], "rotation": 180, "texture": "#0"},
				"down": {"uv": [3, 5.5, 6.5, 9.5], "rotation": 180, "texture": "#0"}
			}
		},
		{
			"from": [7.7, 0, 1],
			"to": [12.7, 1, 9],
			"rotation": {"angle": 22.5, "axis": "z", "origin": [5.5, 2.5, 4.5]},
			"faces": {
				"north": {"uv": [0, 5, 3.5, 5.5], "texture": "#0"},
				"east": {"uv": [3, 5.5, 3.5, 9.5], "texture": "#0"},
				"south": {"uv": [0, 5, 5, 5.5], "texture": "#0"},
				"west": {"uv": [3, 5.5, 3.5, 9.5], "texture": "#0"},
				"up": {"uv": [7, 5.5, 9.5, 9.5], "texture": "#0"},
				"down": {"uv": [0, 5.5, 3, 9.5], "texture": "#0"}
			}
		},
		{
			"from": [7.3, 8, 1],
			"to": [7.3, 13, 9],
			"rotation": {"angle": -45, "axis": "z", "origin": [0.5, 4, 5]},
			"faces": {
				"north": {"uv": [0, 0, 5, 0], "rotation": 270, "texture": "#missing"},
				"east": {"uv": [7, 5.5, 9.5, 9.5], "rotation": 90, "texture": "#0"},
				"south": {"uv": [0, 0, 5, 0], "rotation": 90, "texture": "#missing"},
				"west": {"uv": [9.5, 5.5, 12, 9.5], "rotation": 90, "texture": "#0"},
				"up": {"uv": [0, 0, 8, 0], "rotation": 90, "texture": "#missing"},
				"down": {"uv": [0, 0, 8, 0], "rotation": 90, "texture": "#missing"}
			}
		}
	],
	"display": {
		"thirdperson_righthand": {
			"translation": [-6, 5.25, 3.25]
		},
		"thirdperson_lefthand": {
			"translation": [-6, 5.5, 1.5]
		},
		"firstperson_righthand": {
			"rotation": [50, 0, 0],
			"translation": [-9, 3.5, 0.5],
			"scale": [1.5, 1.5, 1.5]
		},
		"firstperson_lefthand": {
			"rotation": [50, 0, 0],
			"translation": [-9, 3.5, 0.5],
			"scale": [1.5, 1.5, 1.5]
		},
		"ground": {
			"translation": [0, 5, 3]
		},
		"gui": {
			"rotation": [79, 180, 0],
			"translation": [0, 3.5, 0]
		},
		"head": {
			"translation": [0, 0, 3.5]
		},
		"fixed": {
			"translation": [0, 10.75, -12.25],
			"scale": [2, 2, 2]
		}
	},
	"groups": [
		{
			"name": "written_book",
			"children": [0, 1, 2, 3, 4, 5]
		}
	]
}