{
	"credit": "Made with Blockbench",
	"textures": {
		"1": "story/white_pumpkin"
	},
	"elements": [
		{
			"from": [0, 0, 0],
			"to": [16, 16, 1],
			"faces": {
				"north": {"uv": [0.25, 0, 4.25, 4], "texture": "#1"},
				"east": {"uv": [0.25, 5.25, 0.5, 9.25], "texture": "#1"},
				"south": {"uv": [0, 9.75, 4, 13.75], "texture": "#1"},
				"west": {"uv": [0.25, 5.25, 0.5, 9.25], "texture": "#1"},
				"up": {"uv": [4.25, 3.75, 8.25, 4], "texture": "#1"},
				"down": {"uv": [8.5, 3.75, 12.5, 4], "texture": "#1"}
			}
		},
		{
			"from": [0, 0, 15],
			"to": [16, 16, 16],
			"faces": {
				"north": {"uv": [4.5, 5.25, 8.5, 9.25], "texture": "#1"},
				"east": {"uv": [8, 0, 8.25, 4], "texture": "#1"},
				"south": {"uv": [8.75, 5.25, 12.75, 9.25], "texture": "#1"},
				"west": {"uv": [0.25, 5.25, 0.5, 9.25], "texture": "#1"},
				"up": {"uv": [4.25, 3.75, 8.25, 4], "texture": "#1"},
				"down": {"uv": [8.5, 0, 12.5, 0.25], "texture": "#1"}
			}
		},
		{
			"from": [15, 0, 1],
			"to": [16, 16, 15],
			"faces": {
				"north": {"uv": [0.25, 5.25, 0.5, 9.25], "texture": "#1"},
				"east": {"uv": [0.25, 5.25, 4.25, 9.25], "texture": "#1"},
				"south": {"uv": [0.25, 5.25, 0.5, 9.25], "texture": "#1"},
				"west": {"uv": [0.5, 5.25, 4, 9.25], "texture": "#1"},
				"up": {"uv": [4.25, 0, 4.5, 4], "texture": "#1"},
				"down": {"uv": [8.5, 0.25, 8.75, 3.75], "texture": "#1"}
			}
		},
		{
			"from": [1, 15, 1],
			"to": [15, 16, 15],
			"faces": {
				"north": {"uv": [0, 0, 14, 1], "texture": "#missing"},
				"east": {"uv": [0, 0, 14, 1], "texture": "#missing"},
				"south": {"uv": [0, 0, 14, 1], "texture": "#missing"},
				"west": {"uv": [0, 0, 14, 1], "texture": "#missing"},
				"up": {"uv": [4.25, 0, 8.25, 4], "texture": "#1"},
				"down": {"uv": [4.25, 0, 8.25, 4], "texture": "#1"}
			}
		},
		{
			"from": [0, 0, 1],
			"to": [1, 16, 15],
			"faces": {
				"north": {"uv": [0.25, 5.25, 0.5, 9.25], "texture": "#1"},
				"east": {"uv": [0.25, 5.25, 4.25, 9.25], "texture": "#1"},
				"south": {"uv": [0.25, 5.25, 0.5, 9.25], "texture": "#1"},
				"west": {"uv": [0.5, 5.25, 4, 9.25], "texture": "#1"},
				"up": {"uv": [4.25, 0, 4.5, 4], "texture": "#1"},
				"down": {"uv": [0.25, 5.25, 0.5, 9.25], "texture": "#1"}
			}
		}
	],
	"display": {
		"thirdperson_righthand": {
			"translation": [-5.75, 1.75, 0],
			"scale": [0.6, 0.6, 0.6]
		},
		"thirdperson_lefthand": {
			"translation": [-5.75, 1.75, 0],
			"scale": [0.6, 0.6, 0.6]
		},
		"firstperson_righthand": {
			"translation": [-9.5, 0, 0],
			"scale": [0.5, 0.5, 0.5]
		},
		"firstperson_lefthand": {
			"translation": [-9.5, 0, 0],
			"scale": [0.5, 0.5, 0.5]
		},
		"ground": {
			"translation": [0, 4.25, 0]
		},
		"gui": {
			"rotation": [20, 140, 0],
			"translation": [0.25, 0, 0],
			"scale": [0.5, 0.5, 0.5]
		},
		"fixed": {
			"rotation": [-90, 0.5, 0],
			"translation": [0, 0, -20.5],
			"scale": [1.5, 1.5, 1.5]
		}
	}
}